Nombre,Direccion,Telefono,Rubro
Proveedor A,"6684 Jill Brooks South Leslie, NE 85836",(738)703-9023x6756,Rubro B
Proveedor B,"082 Jennifer Stream Hamiltonville UT 92870",(549)960-0613,Rubro C
Proveedor C,"00278 Daniel Plaza West Michelleville ND 78100",716.564.1739x796,Rubro D
Proveedor D,"603 Kennedy Passage Suite 235 Port Brianachester MP 19256",(647)697-1424x75897,Rubro E
Proveedor E,"268 Hall Heights West Jeffreyport IL 89273",(416)737-8562x5477,Rubro F
Proveedor F,"0937 Paul Expressway Apt. 525 Weaverland MT 51480",+1-589-340-5555x7896,Rubro G
Proveedor G,"63233 Mcdaniel Passage Suite 779 Newmanborough NM 54867",(967)749-0920,Rubro H
Proveedor H,"42199 Sonya Cliff Lake Matthewhaven IL 49140",001-449-515-1139x683,Rubro I
Proveedor I,"PSC 7340, Box 3258 APO AP 12514",938-631-5762,Rubro J
Proveedor J,"58688 Odonnell Road Brownmouth AR 18068",(243)965-1289x82687,Rubro K
Proveedor K,"91118 Tony Green Apt. 800 Brayberg TN 26536",+1-696-606-1051x386,Rubro L
Proveedor L,"40722 Emily Curve West Audreyview MA 52008",001-801-813-8638x8839,Rubro M
Proveedor M,"533 Carl Points Apt. 765 South Jennifer PR 77223",(702)890-3983x1630,Rubro N
Proveedor N,"279 Thomas Locks East John NY 99166",(527)422-1502x113,Rubro O
Proveedor O,"292 Christopher Junction Apt. 580 New Codyport DC 81519",(894)920-2051,Rubro P
Proveedor P,"482 Stone Trail Apt. 860 Brandonside IL 67637",+1-491-648-8229x7944,Rubro Q
Proveedor Q,"871 Wilson Locks Suite 720 North Katherine ND 66707",+1-663-633-0633x4785,Rubro R
Proveedor R,"02634 Caitlyn Shoals Alexborough SD 74255",371-391-9569,Rubro S
Proveedor S,"4909 Frank Centers Apt. 488 South Annmouth IL 75780",+1-870-286-0164x3714,Rubro T
Proveedor T,"5855 Banks Ferry Apt. 739 Danielchester NJ 25580",+1-499-244-0620x80901,Rubro U
Proveedor U,"95201 Potts Heights Whitechester WV 68322",+1-219-861-8453x7987,Rubro V
Proveedor V,"4602 Jose Tunnel Apt. 642 North Jackborough DE 97402",291-765-8678x0142,Rubro W
Proveedor W,"USCGC Vargas FPO AE 57883",3506838651,Rubro X
Proveedor X,"41650 Andrew Isle East Monicahaven FM 35734",896.471.0514x24346,Rubro Y
Proveedor Y,"26004 Long Neck Apt. 889 Amyport MO 43850",422-578-6191,Rubro Z
Proveedor Z,"23113 Navarro Springs Suite 787Phamtown CO 79433",976.374.1969x15073,Rubro A
Proveedor [,"5728 Ashley Expressway Suite 363 Diazhaven KS 02102",4685387127,Rubro B
Proveedor JK,"3498 Joseph Parkways Suite 409 North Sarahchester NH 03490",001-773-727-1644,Rubro C
Proveedor IH,"0300 Merritt Rue Suite 921 Taylorberg NH 71438",(484)940-5101x88193,Rubro D
Proveedor NM,"63667 Steven Flat Johnborough MS 61181",867-888-1077x9442,Rubro E
